id,first_name,last_name,email,phone,created_at
id,first_name,email,phone,created_at,undefined
id,first_name,phone,created_at,undefined,undefined
id,first_name,created_at,undefined,undefined,undefined
4,Lamar,2013-12-02T06:45:30-08:00,undefined,undefined,undefined
5,Keegan,2012-11-15T16:55:29-08:00,undefined,undefined,undefined
6,Marshall,2012-09-14T15:57:44-07:00,undefined,undefined,undefined
7,Jonah,2013-12-13T15:29:38-08:00,undefined,undefined,undefined
8,Jackson,2013-02-03T09:49:27-08:00,undefined,undefined,undefined
9,Kieran,2012-08-17T01:23:51-07:00,undefined,undefined,undefined
10,Fiona,2013-02-17T04:23:46-08:00,undefined,undefined,undefined
11,Jorden,2012-04-21T01:57:17-07:00,undefined,undefined,undefined
12,Kendall,2013-08-20T18:03:11-07:00,undefined,undefined,undefined
13,Blossom,2013-04-17T11:36:58-07:00,undefined,undefined,undefined
14,Latifah,2012-11-15T06:59:23-08:00,undefined,undefined,undefined
15,Brenna,2013-09-05T21:28:41-07:00,undefined,undefined,undefined
16,Ray,2013-06-27T17:59:41-07:00,undefined,undefined,undefined
17,Tyler,2012-02-29T23:34:35-08:00,undefined,undefined,undefined
18,Hanae,2012-08-06T06:35:41-07:00,undefined,undefined,undefined
19,Barrett,2013-08-29T15:24:48-07:00,undefined,undefined,undefined
20,Wylie,2013-06-19T12:55:10-07:00,undefined,undefined,undefined
21,Hedda,2013-09-22T21:20:03-07:00,undefined,undefined,undefined
22,Hope,2012-11-27T01:16:10-08:00,undefined,undefined,undefined
23,Avram,2012-05-05T11:07:33-07:00,undefined,undefined,undefined
24,Emerald,2013-01-13T12:22:46-08:00,undefined,undefined,undefined
25,Bert,2012-06-18T15:32:40-07:00,undefined,undefined,undefined
26,Xerxes,2012-10-21T07:14:04-07:00,undefined,undefined,undefined
27,Xaviera,2013-08-21T18:18:16-07:00,undefined,undefined,undefined
28,Joy,2013-12-18T18:38:01-08:00,undefined,undefined,undefined
29,Kane,2013-09-29T16:40:34-07:00,undefined,undefined,undefined
30,Blossom,2013-11-09T07:06:06-08:00,undefined,undefined,undefined
31,Ivy,2014-01-17T14:35:46-08:00,undefined,undefined,undefined
32,Allegra,2012-06-03T18:58:10-07:00,undefined,undefined,undefined
33,Candice,2013-03-21T23:00:29-07:00,undefined,undefined,undefined
34,Yen,2012-10-18T00:29:25-07:00,undefined,undefined,undefined
35,Vivian,2012-07-15T13:47:36-07:00,undefined,undefined,undefined
36,Lawrence,2013-04-20T16:26:59-07:00,undefined,undefined,undefined
37,Marvin,2014-02-03T19:23:46-08:00,undefined,undefined,undefined
38,Kimberley,2013-08-03T10:54:15-07:00,undefined,undefined,undefined
39,Yardley,2014-01-10T20:32:37-08:00,undefined,undefined,undefined
40,James,2013-10-16T14:18:31-07:00,undefined,undefined,undefined
41,Florence,2012-09-01T02:29:58-07:00,undefined,undefined,undefined
42,Jerry,2013-11-23T04:39:22-08:00,undefined,undefined,undefined
43,Aphrodite,2012-09-26T07:50:21-07:00,undefined,undefined,undefined
44,Hayes,2013-09-30T14:02:02-07:00,undefined,undefined,undefined
45,Justine,2012-11-12T03:19:58-08:00,undefined,undefined,undefined
46,Alfreda,2012-08-01T14:57:33-07:00,undefined,undefined,undefined
47,Jessamine,2013-04-27T05:48:38-07:00,undefined,undefined,undefined
48,Jemima,2013-09-08T02:24:52-07:00,undefined,undefined,undefined
49,Isabella,2013-05-04T16:30:05-07:00,undefined,undefined,undefined
50,Maia,2013-02-12T11:49:28-08:00,undefined,undefined,undefined
51,Hiram,2012-06-09T00:10:50-07:00,undefined,undefined,undefined
52,Kameko,2013-10-28T20:53:47-07:00,undefined,undefined,undefined
53,Ivy,2013-02-09T12:35:03-08:00,undefined,undefined,undefined
54,Zachery,2013-02-09T20:11:22-08:00,undefined,undefined,undefined
55,Charissa,2013-08-09T14:24:07-07:00,undefined,undefined,undefined
56,Montana,2013-08-07T20:04:33-07:00,undefined,undefined,undefined
57,Alexander,2013-12-14T03:02:00-08:00,undefined,undefined,undefined
58,Octavia,2012-08-23T10:11:19-07:00,undefined,undefined,undefined
59,Ruby,2012-12-21T19:01:41-08:00,undefined,undefined,undefined
60,Buckminster,2013-10-08T04:42:47-07:00,undefined,undefined,undefined
61,Troy,2013-07-26T02:13:03-07:00,undefined,undefined,undefined
62,Ivan,2012-12-14T03:08:33-08:00,undefined,undefined,undefined
63,Riley,2012-12-12T12:01:14-08:00,undefined,undefined,undefined
64,Hermione,2012-08-08T14:23:43-07:00,undefined,undefined,undefined
65,Jerry,2012-09-04T16:56:26-07:00,undefined,undefined,undefined
66,Tamekah,2012-09-04T04:14:24-07:00,undefined,undefined,undefined
67,Benedict,2013-11-20T23:37:15-08:00,undefined,undefined,undefined
68,Chaim,2012-11-09T12:04:05-08:00,undefined,undefined,undefined
69,Paloma,2012-03-05T19:11:11-08:00,undefined,undefined,undefined
70,Cheryl,2013-02-08T23:19:53-08:00,undefined,undefined,undefined
71,Nash,2012-04-28T07:31:58-07:00,undefined,undefined,undefined
72,Rebecca,2012-02-14T04:56:51-08:00,undefined,undefined,undefined
73,Althea,2012-05-02T03:43:30-07:00,undefined,undefined,undefined
74,Brock,2012-08-15T19:30:58-07:00,undefined,undefined,undefined
75,Vanna,2013-03-04T13:26:24-08:00,undefined,undefined,undefined
76,Maia,2012-11-19T02:29:45-08:00,undefined,undefined,undefined
77,Evan,2012-07-18T15:20:31-07:00,undefined,undefined,undefined
78,Sylvia,2012-10-04T05:03:22-07:00,undefined,undefined,undefined
79,Noble,2012-06-21T00:59:21-07:00,undefined,undefined,undefined
80,Jaime,2013-11-16T03:57:45-08:00,undefined,undefined,undefined
81,Jarrod,2012-03-24T09:31:59-07:00,undefined,undefined,undefined
82,George,2012-08-18T23:33:31-07:00,undefined,undefined,undefined
83,Bevis,2013-03-28T05:46:46-07:00,undefined,undefined,undefined
84,Quintessa,2012-06-01T01:55:28-07:00,undefined,undefined,undefined
85,September,2012-11-30T14:48:35-08:00,undefined,undefined,undefined
86,Edan,2012-10-16T09:15:46-07:00,undefined,undefined,undefined
87,Francis,2012-06-26T13:52:10-07:00,undefined,undefined,undefined
88,Yetta,2014-01-02T08:27:26-08:00,undefined,undefined,undefined
89,Davis,2012-06-17T07:55:40-07:00,undefined,undefined,undefined
90,Wing,2012-03-03T08:24:57-08:00,undefined,undefined,undefined
91,Quon,2013-05-21T03:52:19-07:00,undefined,undefined,undefined
92,Carson,2012-10-08T01:31:17-07:00,undefined,undefined,undefined
93,Xaviera,2012-02-17T10:34:51-08:00,undefined,undefined,undefined
94,Ivor,2013-12-26T16:29:43-08:00,undefined,undefined,undefined
95,Stella,2013-04-05T03:53:16-07:00,undefined,undefined,undefined
96,Ann,2012-09-27T00:45:57-07:00,undefined,undefined,undefined
97,Kennedy,2012-10-01T16:00:53-07:00,undefined,undefined,undefined
98,Adria,2013-01-20T20:32:50-08:00,undefined,undefined,undefined
99,Sarah,2013-11-01T06:08:44-07:00,undefined,undefined,undefined
100,Bernard,2012-07-15T12:06:16-07:00,undefined,undefined,undefined
101,Maia,2012-11-20T06:53:02-08:00,undefined,undefined,undefined
102,Kimberly,2012-05-03T00:06:01-07:00,undefined,undefined,undefined
103,Dane,2013-01-27T14:34:50-08:00,undefined,undefined,undefined
104,Melodie,2012-12-31T00:00:46-08:00,undefined,undefined,undefined
105,Bethany,2013-07-13T23:46:53-07:00,undefined,undefined,undefined
106,Haviva,2012-12-17T08:18:56-08:00,undefined,undefined,undefined
107,Perry,2012-09-13T20:24:40-07:00,undefined,undefined,undefined
108,Sheila,2012-06-18T01:14:17-07:00,undefined,undefined,undefined
109,Donovan,2012-08-09T05:30:44-07:00,undefined,undefined,undefined
110,Leandra,2013-05-03T17:44:29-07:00,undefined,undefined,undefined
111,Kaden,2013-07-28T01:32:22-07:00,undefined,undefined,undefined
112,Eleanor,2012-09-18T17:44:06-07:00,undefined,undefined,undefined
113,Ignatius,2012-11-09T07:45:33-08:00,undefined,undefined,undefined
114,Hillary,2012-08-29T16:26:55-07:00,undefined,undefined,undefined
115,Shana,2013-11-01T23:02:31-07:00,undefined,undefined,undefined
116,Nasim,2013-09-04T21:48:34-07:00,undefined,undefined,undefined
117,Wallace,2012-03-30T18:50:30-07:00,undefined,undefined,undefined
118,Zephr,2012-11-18T07:20:44-08:00,undefined,undefined,undefined
119,Carla,2014-01-01T05:50:18-08:00,undefined,undefined,undefined
120,Shay,2012-12-16T13:02:57-08:00,undefined,undefined,undefined
121,Barbara,2013-12-31T18:17:37-08:00,undefined,undefined,undefined
122,Leandra,2014-01-27T09:23:19-08:00,undefined,undefined,undefined
123,Amos,2013-12-19T21:54:15-08:00,undefined,undefined,undefined
124,Sylvia,2013-07-25T09:06:17-07:00,undefined,undefined,undefined
125,Sandra,2012-06-01T05:31:05-07:00,undefined,undefined,undefined
126,Kimberly,2012-06-03T00:23:28-07:00,undefined,undefined,undefined
127,Yoshi,2012-08-03T23:26:06-07:00,undefined,undefined,undefined
128,Teagan,2012-08-15T13:29:57-07:00,undefined,undefined,undefined
129,Barbara,2014-01-18T08:05:10-08:00,undefined,undefined,undefined
130,Sharon,2012-06-05T22:51:11-07:00,undefined,undefined,undefined
131,Stuart,2013-07-31T20:40:30-07:00,undefined,undefined,undefined
132,Tyler,2012-09-09T12:51:37-07:00,undefined,undefined,undefined
133,Carter,2013-01-10T22:48:57-08:00,undefined,undefined,undefined
134,Graham,2013-10-03T14:00:35-07:00,undefined,undefined,undefined
135,Tate,2012-06-23T20:37:49-07:00,undefined,undefined,undefined
136,Zoe,2012-12-12T09:29:41-08:00,undefined,undefined,undefined
137,Harper,2012-10-14T07:07:06-07:00,undefined,undefined,undefined
138,Fatima,2012-11-23T07:04:40-08:00,undefined,undefined,undefined
139,Liberty,2013-11-08T06:43:44-08:00,undefined,undefined,undefined
140,Berk,2013-09-08T09:11:41-07:00,undefined,undefined,undefined
141,Oren,2012-10-14T19:53:55-07:00,undefined,undefined,undefined
142,Vera,2013-07-20T19:46:19-07:00,undefined,undefined,undefined
143,Lucian,2013-06-09T21:04:11-07:00,undefined,undefined,undefined
144,Heather,2013-11-06T04:01:09-08:00,undefined,undefined,undefined
145,Quamar,2014-01-22T22:36:07-08:00,undefined,undefined,undefined
146,Sandra,2013-08-07T04:39:56-07:00,undefined,undefined,undefined
147,Ila,2012-03-22T13:18:07-07:00,undefined,undefined,undefined
148,Lane,2012-10-27T00:07:45-07:00,undefined,undefined,undefined
149,Hedwig,2012-10-26T15:48:41-07:00,undefined,undefined,undefined
150,Lyle,2012-04-24T22:58:48-07:00,undefined,undefined,undefined
151,Dahlia,2012-11-05T16:41:25-08:00,undefined,undefined,undefined
152,Xerxes,2012-08-05T03:41:48-07:00,undefined,undefined,undefined
153,Linda,2013-08-27T00:28:53-07:00,undefined,undefined,undefined
154,Piper,2013-09-06T16:18:51-07:00,undefined,undefined,undefined
155,Darryl,2013-12-15T14:11:48-08:00,undefined,undefined,undefined
156,Ella,2013-08-18T01:28:39-07:00,undefined,undefined,undefined
157,Maggie,2014-01-20T04:59:51-08:00,undefined,undefined,undefined
158,Dorothy,2013-12-27T14:36:13-08:00,undefined,undefined,undefined
159,Austin,2014-01-27T13:05:58-08:00,undefined,undefined,undefined
160,Quentin,2013-04-25T05:05:56-07:00,undefined,undefined,undefined
161,Haviva,2013-01-03T13:20:05-08:00,undefined,undefined,undefined
162,Ashton,2013-10-05T21:20:52-07:00,undefined,undefined,undefined
163,Walter,2013-04-10T10:12:18-07:00,undefined,undefined,undefined
164,Ronan,2013-07-23T13:37:12-07:00,undefined,undefined,undefined
165,Jenette,2012-04-20T10:20:04-07:00,undefined,undefined,undefined
166,Aquila,2013-10-22T11:31:31-07:00,undefined,undefined,undefined
167,Rashad,2012-03-02T11:41:21-08:00,undefined,undefined,undefined
168,Gail,2013-06-17T03:40:38-07:00,undefined,undefined,undefined
169,Fletcher,2013-12-30T07:09:14-08:00,undefined,undefined,undefined
170,Lance,2013-08-20T22:24:59-07:00,undefined,undefined,undefined
171,Courtney,2013-03-02T14:01:14-08:00,undefined,undefined,undefined
172,Branden,2013-10-30T21:49:14-07:00,undefined,undefined,undefined
173,Summer,2013-03-09T15:40:57-08:00,undefined,undefined,undefined
174,Felicia,2013-12-09T09:12:15-08:00,undefined,undefined,undefined
175,Kimberley,2014-01-27T01:02:13-08:00,undefined,undefined,undefined
176,Joy,2012-10-11T04:22:20-07:00,undefined,undefined,undefined
177,Libby,2012-08-12T20:52:09-07:00,undefined,undefined,undefined
178,Elvis,2012-08-12T22:17:37-07:00,undefined,undefined,undefined
179,Tanisha,2013-10-02T23:12:26-07:00,undefined,undefined,undefined
180,Mercedes,2013-04-18T14:35:57-07:00,undefined,undefined,undefined
181,Blake,2012-02-09T16:24:37-08:00,undefined,undefined,undefined
182,Phillip,2013-10-04T18:14:35-07:00,undefined,undefined,undefined
183,Shaeleigh,2013-03-14T13:39:18-07:00,undefined,undefined,undefined
184,Zelda,2013-12-24T17:27:42-08:00,undefined,undefined,undefined
185,Callum,2013-07-13T13:44:17-07:00,undefined,undefined,undefined
186,Shafira,2012-02-11T18:50:59-08:00,undefined,undefined,undefined
187,Brenda,2013-08-18T16:12:33-07:00,undefined,undefined,undefined
188,Amber,2013-03-11T00:37:40-07:00,undefined,undefined,undefined
189,Haviva,2012-06-26T13:29:58-07:00,undefined,undefined,undefined
190,Deirdre,2012-10-27T22:32:46-07:00,undefined,undefined,undefined
191,Ivana,2012-07-22T15:45:20-07:00,undefined,undefined,undefined
192,Omar,2012-06-30T14:27:24-07:00,undefined,undefined,undefined
193,Dominique,2013-02-19T13:45:30-08:00,undefined,undefined,undefined
194,Perry,2013-12-22T12:15:02-08:00,undefined,undefined,undefined
195,Alika,2013-05-27T07:37:40-07:00,undefined,undefined,undefined
196,Sloane,2014-01-15T07:53:21-08:00,undefined,undefined,undefined
197,Abra,2012-10-06T13:17:52-07:00,undefined,undefined,undefined
198,Blaze,2013-01-24T02:20:11-08:00,undefined,undefined,undefined
199,Talon,2012-05-13T21:05:15-07:00,undefined,undefined,undefined
200,Merritt,2012-02-22T10:09:03-08:00,undefined,undefined,undefined
199,udin,086-1771-911,2017-08-02T12:57:39.168Z,undefined,undefined
201,udin,siTampan@gmail.com,086-1771-911,2017-08-02T12:58:21.017Z,undefined
203,udin,tampan,siTampan@gmail.com,086-1771-911,2017-08-02T12:58:29.800Z